{
    "1d_gravity_constant": 2.5066282746310002,
    "3d_TI_gravity_constant": 5.0132565492620005,
    "3d_TV_gravity_constant": 7.8748049728612095
}